rental_key,rental_date,return_date
1,"2005-05-24 22:53:30","2005-05-26 22:04:30"
2,"2005-05-24 22:54:33","2005-05-28 19:40:33"
3,"2005-05-24 23:03:39","2005-06-01 22:12:39"
4,"2005-05-24 23:04:41","2005-06-03 01:43:41"
5,"2005-05-24 23:05:21","2005-06-02 04:33:21"
6,"2005-05-24 23:08:07","2005-05-27 01:32:07"
7,"2005-05-24 23:11:53","2005-05-29 20:34:53"
8,"2005-05-24 23:31:46","2005-05-27 23:33:46"
9,"2005-05-25 00:00:40","2005-05-28 00:22:40"
10,"2005-05-25 00:02:21","2005-05-31 22:44:21"
11,"2005-05-25 00:09:02","2005-06-02 20:56:02"
12,"2005-05-25 00:19:27","2005-05-30 05:44:27"
13,"2005-05-25 00:22:55","2005-05-30 04:28:55"
14,"2005-05-25 00:31:15","2005-05-26 02:56:15"
15,"2005-05-25 00:39:22","2005-06-03 03:30:22"
16,"2005-05-25 00:43:11","2005-05-26 04:42:11"
17,"2005-05-25 01:06:36","2005-05-27 00:43:36"
18,"2005-05-25 01:10:47","2005-05-31 06:35:47"
19,"2005-05-25 01:17:24","2005-05-31 06:00:24"
20,"2005-05-25 01:48:41","2005-05-27 02:20:41"
21,"2005-05-25 01:59:46","2005-05-26 01:01:46"
22,"2005-05-25 02:19:23","2005-05-26 04:52:23"
23,"2005-05-25 02:40:21","2005-05-29 06:34:21"
24,"2005-05-25 02:53:02","2005-05-27 01:15:02"
25,"2005-05-25 03:21:20","2005-05-27 21:25:20"
26,"2005-05-25 03:36:50","2005-05-31 00:34:50"
27,"2005-05-25 03:41:50","2005-05-30 01:13:50"
28,"2005-05-25 03:42:37","2005-05-26 09:26:37"
29,"2005-05-25 03:47:12","2005-05-30 00:31:12"
30,"2005-05-25 04:01:32","2005-05-30 03:12:32"
31,"2005-05-25 04:05:17","2005-05-30 07:15:17"
32,"2005-05-25 04:06:21","2005-05-25 23:55:21"
33,"2005-05-25 04:18:51","2005-05-27 03:58:51"
34,"2005-05-25 04:19:28","2005-05-29 00:10:28"
35,"2005-05-25 04:24:36","2005-05-27 07:02:36"
36,"2005-05-25 04:36:26","2005-05-29 00:31:26"
37,"2005-05-25 04:44:31","2005-05-29 01:03:31"
38,"2005-05-25 04:47:44","2005-06-01 00:58:44"
39,"2005-05-25 04:51:46","2005-05-31 03:14:46"
40,"2005-05-25 05:09:04","2005-05-27 23:12:04"
41,"2005-05-25 05:12:29","2005-06-02 00:28:29"
42,"2005-05-25 05:24:58","2005-05-31 02:47:58"
43,"2005-05-25 05:39:25","2005-05-26 06:54:25"
44,"2005-05-25 05:53:23","2005-05-29 10:56:23"
45,"2005-05-25 05:59:39","2005-06-02 09:56:39"
46,"2005-05-25 06:04:08","2005-06-02 08:18:08"
47,"2005-05-25 06:05:20","2005-05-30 03:04:20"
48,"2005-05-25 06:20:46","2005-06-02 05:42:46"
49,"2005-05-25 06:39:35","2005-05-30 10:12:35"
50,"2005-05-25 06:44:53","2005-05-28 11:28:53"
51,"2005-05-25 06:49:10","2005-05-26 06:42:10"
52,"2005-05-25 06:51:29","2005-05-31 01:27:29"
53,"2005-05-25 07:19:16","2005-05-27 05:19:16"
54,"2005-05-25 07:23:25","2005-06-01 05:05:25"
55,"2005-05-25 08:26:13","2005-05-30 10:57:13"
56,"2005-05-25 08:28:11","2005-05-26 14:21:11"
57,"2005-05-25 08:43:32","2005-05-29 06:42:32"
58,"2005-05-25 08:53:14","2005-05-28 14:40:14"
59,"2005-05-25 08:56:42","2005-06-01 09:52:42"
60,"2005-05-25 08:58:25","2005-05-30 14:14:25"
61,"2005-05-25 09:01:57","2005-06-02 07:22:57"
62,"2005-05-25 09:18:52","2005-05-30 10:55:52"
63,"2005-05-25 09:19:16","2005-05-27 04:24:16"
64,"2005-05-25 09:21:29","2005-06-03 11:31:29"
65,"2005-05-25 09:32:03","2005-05-29 14:21:03"
66,"2005-05-25 09:35:12","2005-05-29 04:16:12"
67,"2005-05-25 09:41:01","2005-05-27 13:46:01"
68,"2005-05-25 09:47:31","2005-05-31 10:20:31"
69,"2005-05-25 10:10:14","2005-05-27 14:02:14"
70,"2005-05-25 10:15:23","2005-05-27 05:56:23"
71,"2005-05-25 10:26:39","2005-05-28 04:59:39"
72,"2005-05-25 10:52:13","2005-05-28 05:52:13"
73,"2005-05-25 11:00:07","2005-06-01 13:56:07"
74,"2005-05-25 11:09:48","2005-05-26 12:23:48"
75,"2005-05-25 11:13:34","2005-06-03 12:58:34"
76,"2005-05-25 11:30:37","2005-06-03 12:00:37"
77,"2005-05-25 11:31:59","2005-05-26 16:53:59"
78,"2005-05-25 11:35:18","2005-05-31 12:48:18"
79,"2005-05-25 12:11:07","2005-06-03 10:54:07"
80,"2005-05-25 12:12:07","2005-05-31 17:46:07"
81,"2005-05-25 12:15:19","2005-06-02 14:08:19"
82,"2005-05-25 12:17:46","2005-06-01 10:48:46"
83,"2005-05-25 12:30:15","2005-05-27 15:40:15"
84,"2005-05-25 12:36:30","2005-05-29 18:33:30"
85,"2005-05-25 13:05:34","2005-05-29 16:53:34"
86,"2005-05-25 13:36:12","2005-05-30 14:53:12"
87,"2005-05-25 13:52:43","2005-05-29 11:12:43"
88,"2005-05-25 14:13:54","2005-05-29 09:32:54"
89,"2005-05-25 14:28:29","2005-05-29 14:33:29"
90,"2005-05-25 14:31:25","2005-06-01 10:07:25"
91,"2005-05-25 14:57:22","2005-06-01 18:32:22"
92,"2005-05-25 15:38:46","2005-05-31 13:40:46"
93,"2005-05-25 15:54:16","2005-06-03 20:18:16"
94,"2005-05-25 16:03:42","2005-05-30 14:23:42"
95,"2005-05-25 16:12:52","2005-06-02 18:55:52"
96,"2005-05-25 16:32:19","2005-05-30 10:47:19"
97,"2005-05-25 16:34:24","2005-05-28 12:13:24"
98,"2005-05-25 16:48:24","2005-05-27 11:29:24"
99,"2005-05-25 16:50:20","2005-05-28 18:52:20"
100,"2005-05-25 16:50:28","2005-06-02 22:11:28"
101,"2005-05-25 17:17:04","2005-05-31 19:47:04"
102,"2005-05-25 17:22:10","2005-05-31 19:47:10"
103,"2005-05-25 17:30:42","2005-06-03 22:36:42"
104,"2005-05-25 17:46:33","2005-05-27 15:20:33"
105,"2005-05-25 17:54:12","2005-05-30 12:03:12"
106,"2005-05-25 18:18:19","2005-06-04 00:01:19"
107,"2005-05-25 18:28:09","2005-06-03 22:46:09"
108,"2005-05-25 18:30:05","2005-05-30 19:40:05"
109,"2005-05-25 18:40:20","2005-05-29 20:39:20"
110,"2005-05-25 18:43:49","2005-06-03 18:13:49"
111,"2005-05-25 18:45:19","2005-05-28 17:18:19"
112,"2005-05-25 18:57:24","2005-06-02 20:44:24"
113,"2005-05-25 19:07:40","2005-05-27 22:16:40"
114,"2005-05-25 19:12:42","2005-06-01 23:10:42"
115,"2005-05-25 19:13:25","2005-05-29 20:17:25"
116,"2005-05-25 19:27:51","2005-05-26 16:23:51"
117,"2005-05-25 19:30:46","2005-05-31 23:59:46"
118,"2005-05-25 19:31:18","2005-05-31 15:00:18"
119,"2005-05-25 19:37:02","2005-05-29 23:51:02"
120,"2005-05-25 19:37:47","2005-06-01 23:29:47"
121,"2005-05-25 19:41:29","2005-05-29 21:31:29"
122,"2005-05-25 19:46:21","2005-06-02 19:07:21"
123,"2005-05-25 20:26:42","2005-05-26 19:41:42"
124,"2005-05-25 20:46:11","2005-05-30 00:47:11"
125,"2005-05-25 20:48:50","2005-06-02 21:39:50"
126,"2005-05-25 21:07:59","2005-05-28 18:51:59"
127,"2005-05-25 21:10:40","2005-06-02 21:38:40"
128,"2005-05-25 21:19:53","2005-05-29 23:34:53"
129,"2005-05-25 21:20:03","2005-06-04 01:25:03"
130,"2005-05-25 21:21:56","2005-05-30 22:41:56"
131,"2005-05-25 21:42:46","2005-05-30 23:25:46"
132,"2005-05-25 21:46:54","2005-05-31 21:02:54"
133,"2005-05-25 21:48:30","2005-05-30 00:26:30"
134,"2005-05-25 21:48:41","2005-06-02 18:28:41"
135,"2005-05-25 21:58:58","2005-06-03 17:50:58"
136,"2005-05-25 22:02:30","2005-05-31 18:06:30"
137,"2005-05-25 22:25:18","2005-06-01 02:30:18"
138,"2005-05-25 22:48:22","2005-05-29 20:21:22"
139,"2005-05-25 23:00:21","2005-05-29 17:12:21"
140,"2005-05-25 23:34:22","2005-05-27 01:10:22"
141,"2005-05-25 23:34:53","2005-06-02 01:57:53"
142,"2005-05-25 23:43:47","2005-05-29 00:46:47"
143,"2005-05-25 23:45:52","2005-05-27 21:41:52"
144,"2005-05-25 23:49:56","2005-06-01 21:41:56"
145,"2005-05-25 23:59:03","2005-05-31 02:56:03"
146,"2005-05-26 00:07:11","2005-06-04 00:20:11"
147,"2005-05-26 00:17:50","2005-05-29 23:21:50"
148,"2005-05-26 00:25:23","2005-06-01 19:29:23"
149,"2005-05-26 00:28:05","2005-06-02 21:30:05"
150,"2005-05-26 00:28:39","2005-06-01 02:10:39"
151,"2005-05-26 00:37:28","2005-05-30 06:28:28"
152,"2005-05-26 00:41:10","2005-06-03 06:05:10"
153,"2005-05-26 00:47:47","2005-05-27 21:28:47"
154,"2005-05-26 00:55:56","2005-05-29 23:18:56"
155,"2005-05-26 01:15:05","2005-06-01 00:03:05"
156,"2005-05-26 01:19:05","2005-05-27 23:43:05"
157,"2005-05-26 01:25:21","2005-05-26 21:17:21"
158,"2005-05-26 01:27:11","2005-06-03 00:30:11"
159,"2005-05-26 01:34:28","2005-05-29 04:00:28"
160,"2005-05-26 01:46:20","2005-06-01 05:45:20"
161,"2005-05-26 01:51:48","2005-05-27 05:42:48"
162,"2005-05-26 02:02:05","2005-05-27 03:38:05"
163,"2005-05-26 02:26:23","2005-06-04 06:36:23"
164,"2005-05-26 02:26:49","2005-05-28 00:32:49"
165,"2005-05-26 02:28:36","2005-06-02 03:21:36"
166,"2005-05-26 02:49:11","2005-05-31 01:28:11"
167,"2005-05-26 02:50:31","2005-05-27 03:07:31"
168,"2005-05-26 03:07:43","2005-06-02 02:09:43"
169,"2005-05-26 03:09:30","2005-05-27 01:37:30"
170,"2005-05-26 03:11:12","2005-06-02 03:53:12"
171,"2005-05-26 03:14:15","2005-06-03 00:24:15"
172,"2005-05-26 03:17:42","2005-05-29 04:11:42"
173,"2005-05-26 03:42:10","2005-05-28 01:37:10"
174,"2005-05-26 03:44:10","2005-05-28 07:13:10"
175,"2005-05-26 03:46:26","2005-06-03 06:01:26"
176,"2005-05-26 03:47:39","2005-06-01 02:36:39"
177,"2005-05-26 04:14:29","2005-06-01 08:16:29"
178,"2005-05-26 04:21:46","2005-06-04 07:09:46"
179,"2005-05-26 04:26:06","2005-06-03 10:06:06"
180,"2005-05-26 04:46:23","2005-06-01 09:58:23"
181,"2005-05-26 04:47:06","2005-05-29 06:34:06"
182,"2005-05-26 04:49:17","2005-06-01 05:43:17"
183,"2005-05-26 05:01:18","2005-06-01 09:04:18"
184,"2005-05-26 05:29:49","2005-05-28 10:10:49"
185,"2005-05-26 05:30:03","2005-06-02 09:48:03"
186,"2005-05-26 05:32:52","2005-06-03 07:19:52"
187,"2005-05-26 05:42:37","2005-06-04 00:38:37"
188,"2005-05-26 05:47:12","2005-05-26 23:48:12"
189,"2005-05-26 06:01:41","2005-05-27 06:11:41"
190,"2005-05-26 06:11:28","2005-06-01 09:44:28"
191,"2005-05-26 06:14:06","2005-05-28 05:33:06"
192,"2005-05-26 06:20:37","2005-06-02 10:57:37"
193,"2005-05-26 06:41:48","2005-05-30 06:21:48"
194,"2005-05-26 06:52:33","2005-05-30 04:08:33"
195,"2005-05-26 06:52:36","2005-05-31 02:47:36"
196,"2005-05-26 06:55:58","2005-05-27 10:54:58"
197,"2005-05-26 06:59:21","2005-06-03 05:04:21"
198,"2005-05-26 07:03:49","2005-06-04 11:45:49"
199,"2005-05-26 07:11:58","2005-05-28 09:06:58"
200,"2005-05-26 07:12:21","2005-05-31 12:07:21"
201,"2005-05-26 07:13:45","2005-06-04 02:02:45"
202,"2005-05-26 07:27:36","2005-06-02 03:52:36"
203,"2005-05-26 07:27:57","2005-06-03 12:52:57"
204,"2005-05-26 07:30:37","2005-05-30 08:11:37"
205,"2005-05-26 07:59:37","2005-05-29 09:43:37"
206,"2005-05-26 08:01:54","2005-05-27 06:26:54"
207,"2005-05-26 08:04:38","2005-05-27 09:32:38"
208,"2005-05-26 08:10:22","2005-05-27 03:55:22"
209,"2005-05-26 08:14:01","2005-05-27 09:00:01"
210,"2005-05-26 08:14:15","2005-05-27 12:12:15"
211,"2005-05-26 08:33:10","2005-05-28 14:09:10"
212,"2005-05-26 08:34:41","2005-05-30 12:46:41"
213,"2005-05-26 08:44:08","2005-05-31 12:33:08"
214,"2005-05-26 08:48:49","2005-05-31 04:06:49"
215,"2005-05-26 09:02:47","2005-05-28 09:45:47"
216,"2005-05-26 09:17:43","2005-06-03 08:21:43"
217,"2005-05-26 09:24:26","2005-05-31 03:24:26"
218,"2005-05-26 09:27:09","2005-06-04 11:53:09"
219,"2005-05-26 09:41:45","2005-05-28 04:40:45"
220,"2005-05-26 10:06:49","2005-06-01 07:43:49"
221,"2005-05-26 10:14:09","2005-05-29 05:57:09"
222,"2005-05-26 10:14:38","2005-05-31 08:36:38"
223,"2005-05-26 10:15:23","2005-05-30 11:43:23"
224,"2005-05-26 10:18:27","2005-06-04 06:59:27"
225,"2005-05-26 10:27:50","2005-06-01 07:01:50"
226,"2005-05-26 10:44:04","2005-05-31 13:26:04"
227,"2005-05-26 10:51:46","2005-05-30 07:24:46"
228,"2005-05-26 10:54:28","2005-06-04 09:39:28"
229,"2005-05-26 11:19:20","2005-05-31 11:56:20"
230,"2005-05-26 11:31:50","2005-05-30 15:22:50"
231,"2005-05-26 11:31:59","2005-05-27 07:27:59"
232,"2005-05-26 11:38:05","2005-05-27 08:42:05"
233,"2005-05-26 11:43:44","2005-05-28 17:28:44"
234,"2005-05-26 11:47:20","2005-06-03 10:39:20"
235,"2005-05-26 11:51:09","2005-06-04 09:36:09"
236,"2005-05-26 11:53:49","2005-05-28 13:55:49"
237,"2005-05-26 12:15:13","2005-05-29 18:10:13"
238,"2005-05-26 12:30:22","2005-05-27 06:49:22"
239,"2005-05-26 12:30:26","2005-06-01 13:26:26"
240,"2005-05-26 12:40:23","2005-06-04 07:22:23"
241,"2005-05-26 12:49:01","2005-05-28 11:43:01"
242,"2005-05-26 13:05:08","2005-06-02 15:26:08"
243,"2005-05-26 13:06:05","2005-06-03 17:28:05"
244,"2005-05-26 13:40:40","2005-05-31 11:58:40"
245,"2005-05-26 13:46:59","2005-05-27 09:58:59"
246,"2005-05-26 13:57:07","2005-05-29 10:12:07"
247,"2005-05-26 14:01:05","2005-05-28 13:38:05"
248,"2005-05-26 14:07:58","2005-05-31 14:03:58"
249,"2005-05-26 14:19:09","2005-05-28 17:47:09"
250,"2005-05-26 14:30:24","2005-05-27 08:50:24"
251,"2005-05-26 14:35:40","2005-05-29 17:17:40"
252,"2005-05-26 14:39:53","2005-06-02 14:48:53"
253,"2005-05-26 14:43:14","2005-05-27 12:21:14"
254,"2005-05-26 14:43:48","2005-05-31 09:19:48"
255,"2005-05-26 14:52:15","2005-05-27 12:45:15"
256,"2005-05-26 15:20:58","2005-05-31 15:58:58"
257,"2005-05-26 15:27:05","2005-05-29 16:25:05"
258,"2005-05-26 15:28:14","2005-05-30 18:38:14"
259,"2005-05-26 15:32:46","2005-06-04 15:27:46"
260,"2005-05-26 15:42:20","2005-05-31 13:21:20"
261,"2005-05-26 15:44:23","2005-06-02 09:47:23"
262,"2005-05-26 15:46:56","2005-05-28 15:49:56"
263,"2005-05-26 15:47:40","2005-05-30 10:07:40"
264,"2005-05-26 16:00:49","2005-05-27 10:12:49"
265,"2005-05-26 16:07:38","2005-06-01 14:20:38"
266,"2005-05-26 16:08:05","2005-05-27 10:55:05"
267,"2005-05-26 16:16:21","2005-05-30 16:53:21"
268,"2005-05-26 16:19:08","2005-05-27 14:35:08"
269,"2005-05-26 16:19:46","2005-05-27 15:59:46"
270,"2005-05-26 16:20:56","2005-06-03 12:40:56"
271,"2005-05-26 16:22:01","2005-06-03 17:30:01"
272,"2005-05-26 16:27:11","2005-06-03 13:10:11"
273,"2005-05-26 16:29:36","2005-05-29 18:49:36"
274,"2005-05-26 16:48:51","2005-06-03 18:17:51"
275,"2005-05-26 17:09:53","2005-06-04 22:35:53"
276,"2005-05-26 17:16:07","2005-06-03 12:59:07"
277,"2005-05-26 17:32:11","2005-05-28 22:54:11"
278,"2005-05-26 17:40:58","2005-06-02 16:43:58"
279,"2005-05-26 18:02:50","2005-06-03 18:48:50"
280,"2005-05-26 18:36:58","2005-05-27 23:42:58"
281,"2005-05-26 18:49:35","2005-05-27 18:11:35"
282,"2005-05-26 18:56:26","2005-06-01 16:32:26"
283,"2005-05-26 19:05:05","2005-05-31 19:19:05"
284,"2005-05-26 19:21:44","2005-06-04 14:18:44"
285,"2005-05-26 19:41:40","2005-05-31 16:58:40"
286,"2005-05-26 19:44:51","2005-06-04 18:00:51"
287,"2005-05-26 19:44:54","2005-06-02 01:10:54"
288,"2005-05-26 19:47:49","2005-06-03 20:53:49"
289,"2005-05-26 20:01:09","2005-05-28 15:09:09"
290,"2005-05-26 20:08:33","2005-05-30 00:32:33"
291,"2005-05-26 20:20:47","2005-06-03 02:06:47"
292,"2005-05-26 20:22:12","2005-06-05 00:58:12"
293,"2005-05-26 20:27:02","2005-06-03 16:45:02"
294,"2005-05-26 20:29:57","2005-05-28 17:20:57"
295,"2005-05-26 20:33:20","2005-05-27 18:23:20"
296,"2005-05-26 20:35:19","2005-06-04 02:31:19"
297,"2005-05-26 20:48:48","2005-05-27 19:52:48"
298,"2005-05-26 20:52:26","2005-05-29 22:08:26"
299,"2005-05-26 20:55:36","2005-05-28 00:25:36"
300,"2005-05-26 20:57:00","2005-06-05 01:34:00"
301,"2005-05-26 21:06:14","2005-06-01 01:54:14"
302,"2005-05-26 21:13:46","2005-06-03 15:49:46"
303,"2005-05-26 21:16:52","2005-05-27 23:41:52"
304,"2005-05-26 21:21:28","2005-06-02 00:05:28"
305,"2005-05-26 21:22:07","2005-06-02 22:33:07"
306,"2005-05-26 21:31:57","2005-05-28 19:37:57"
307,"2005-05-26 21:48:13","2005-06-04 22:24:13"
308,"2005-05-26 22:01:39","2005-06-04 20:24:39"
309,"2005-05-26 22:38:10","2005-06-02 03:10:10"
310,"2005-05-26 22:41:07","2005-06-02 04:09:07"
311,"2005-05-26 22:51:37","2005-06-01 00:02:37"
312,"2005-05-26 22:52:19","2005-06-02 18:14:19"
313,"2005-05-26 22:56:19","2005-05-29 01:29:19"
314,"2005-05-26 23:09:41","2005-05-28 22:49:41"
315,"2005-05-26 23:12:55","2005-05-29 23:33:55"
316,"2005-05-26 23:22:55","2005-05-29 23:25:55"
317,"2005-05-26 23:23:56","2005-06-01 19:56:56"
318,"2005-05-26 23:37:39","2005-06-03 04:31:39"
319,"2005-05-26 23:52:13","2005-05-30 18:55:13"
320,"2005-05-27 00:09:24","2005-05-28 04:30:24"
322,"2005-05-27 00:47:35","2005-06-02 00:32:35"
323,"2005-05-27 00:49:27","2005-05-30 03:12:27"
324,"2005-05-27 01:00:04","2005-05-30 04:27:04"
325,"2005-05-27 01:09:55","2005-05-31 07:01:55"
326,"2005-05-27 01:10:11","2005-06-04 20:25:11"
327,"2005-05-27 01:18:57","2005-06-04 04:06:57"
328,"2005-05-27 01:29:31","2005-06-01 02:27:31"
329,"2005-05-27 01:57:14","2005-05-31 04:19:14"
330,"2005-05-27 02:15:30","2005-06-04 05:09:30"
331,"2005-05-27 02:22:26","2005-06-05 00:25:26"
332,"2005-05-27 02:27:10","2005-06-03 01:26:10"
333,"2005-05-27 02:52:21","2005-06-01 00:55:21"
334,"2005-05-27 03:03:07","2005-05-29 03:54:07"
335,"2005-05-27 03:07:10","2005-06-05 00:15:10"
336,"2005-05-27 03:15:23","2005-05-29 22:43:23"
337,"2005-05-27 03:22:30","2005-06-02 03:27:30"
338,"2005-05-27 03:42:52","2005-06-01 05:23:52"
339,"2005-05-27 03:47:18","2005-06-04 05:46:18"
340,"2005-05-27 03:55:25","2005-06-04 07:57:25"
341,"2005-05-27 04:01:42","2005-06-05 08:51:42"
342,"2005-05-27 04:11:04","2005-05-29 01:28:04"
343,"2005-05-27 04:13:41","2005-05-28 08:34:41"
344,"2005-05-27 04:30:22","2005-05-29 10:13:22"
345,"2005-05-27 04:32:25","2005-05-31 09:50:25"
346,"2005-05-27 04:34:41","2005-06-05 04:24:41"
347,"2005-05-27 04:40:33","2005-05-28 09:56:33"
348,"2005-05-27 04:50:56","2005-06-01 04:43:56"
349,"2005-05-27 04:53:11","2005-05-28 06:33:11"
350,"2005-05-27 05:01:28","2005-06-04 05:01:28"
351,"2005-05-27 05:39:03","2005-06-01 11:10:03"
352,"2005-05-27 05:48:19","2005-05-29 09:05:19"
353,"2005-05-27 06:03:39","2005-06-03 04:39:39"
354,"2005-05-27 06:12:26","2005-06-01 06:48:26"
355,"2005-05-27 06:15:33","2005-06-01 02:50:33"
356,"2005-05-27 06:32:30","2005-05-30 06:24:30"
357,"2005-05-27 06:37:15","2005-05-30 07:04:15"
358,"2005-05-27 06:43:59","2005-05-29 11:28:59"
359,"2005-05-27 06:48:33","2005-05-29 03:55:33"
360,"2005-05-27 06:51:14","2005-06-03 01:58:14"
361,"2005-05-27 07:03:28","2005-05-31 08:01:28"
362,"2005-05-27 07:10:25","2005-06-01 08:34:25"
363,"2005-05-27 07:14:00","2005-05-28 12:22:00"
364,"2005-05-27 07:20:12","2005-05-31 10:44:12"
365,"2005-05-27 07:31:20","2005-06-04 04:46:20"
366,"2005-05-27 07:33:54","2005-06-04 01:55:54"
367,"2005-05-27 07:37:02","2005-05-30 05:43:02"
368,"2005-05-27 07:42:29","2005-06-04 11:20:29"
369,"2005-05-27 07:46:49","2005-06-01 06:20:49"
370,"2005-05-27 07:49:43","2005-06-05 06:39:43"
371,"2005-05-27 08:08:18","2005-06-05 03:05:18"
372,"2005-05-27 08:13:58","2005-06-04 03:50:58"
373,"2005-05-27 08:16:25","2005-06-01 11:41:25"
374,"2005-05-27 08:26:30","2005-06-05 07:13:30"
375,"2005-05-27 08:49:21","2005-06-04 14:11:21"
376,"2005-05-27 08:58:15","2005-06-02 04:48:15"
377,"2005-05-27 09:04:05","2005-06-02 03:36:05"
378,"2005-05-27 09:23:22","2005-05-29 15:20:22"
379,"2005-05-27 09:25:32","2005-06-02 06:19:32"
380,"2005-05-27 09:34:39","2005-06-04 11:45:39"
381,"2005-05-27 09:43:25","2005-05-31 12:00:25"
382,"2005-05-27 10:12:00","2005-05-31 15:03:00"
383,"2005-05-27 10:12:20","2005-06-03 10:37:20"
384,"2005-05-27 10:18:20","2005-06-02 09:21:20"
385,"2005-05-27 10:23:25","2005-05-30 15:27:25"
386,"2005-05-27 10:26:31","2005-05-30 08:32:31"
387,"2005-05-27 10:35:27","2005-06-01 13:37:27"
388,"2005-05-27 10:37:27","2005-05-30 05:45:27"
389,"2005-05-27 10:45:41","2005-06-05 06:22:41"
390,"2005-05-27 11:02:26","2005-06-02 16:09:26"
391,"2005-05-27 11:03:55","2005-06-01 11:59:55"
392,"2005-05-27 11:14:42","2005-06-01 14:28:42"
393,"2005-05-27 11:18:25","2005-05-28 07:10:25"
394,"2005-05-27 11:26:11","2005-06-03 16:44:11"
395,"2005-05-27 11:45:49","2005-05-31 13:42:49"
396,"2005-05-27 11:47:04","2005-05-29 10:14:04"
397,"2005-05-27 12:29:02","2005-05-28 17:36:02"
398,"2005-05-27 12:44:03","2005-06-02 08:19:03"
399,"2005-05-27 12:48:38","2005-05-29 15:27:38"
400,"2005-05-27 12:51:44","2005-05-31 08:34:44"
401,"2005-05-27 12:57:55","2005-05-29 17:55:55"
402,"2005-05-27 13:17:18","2005-05-30 08:53:18"
403,"2005-05-27 13:28:52","2005-05-29 11:47:52"
404,"2005-05-27 13:31:51","2005-05-30 16:58:51"
405,"2005-05-27 13:32:39","2005-06-05 18:53:39"
406,"2005-05-27 13:46:46","2005-05-30 12:43:46"
407,"2005-05-27 13:57:38","2005-05-31 18:23:38"
408,"2005-05-27 13:57:39","2005-05-28 11:57:39"
409,"2005-05-27 14:10:58","2005-06-02 10:40:58"
410,"2005-05-27 14:11:22","2005-06-02 20:06:22"
411,"2005-05-27 14:14:14","2005-06-03 17:39:14"
412,"2005-05-27 14:17:23","2005-05-29 15:07:23"
413,"2005-05-27 14:45:37","2005-06-03 11:11:37"
414,"2005-05-27 14:48:20","2005-05-31 14:39:20"
415,"2005-05-27 14:51:45","2005-05-28 19:07:45"
416,"2005-05-27 15:02:10","2005-05-29 10:34:10"
417,"2005-05-27 15:07:27","2005-05-29 20:01:27"
418,"2005-05-27 15:13:17","2005-06-04 12:05:17"
419,"2005-05-27 15:15:11","2005-06-02 11:53:11"
420,"2005-05-27 15:19:38","2005-06-03 15:07:38"
421,"2005-05-27 15:30:13","2005-06-04 13:19:13"
422,"2005-05-27 15:31:55","2005-06-01 11:47:55"
423,"2005-05-27 15:32:57","2005-06-02 19:03:57"
424,"2005-05-27 15:34:01","2005-06-05 09:44:01"
425,"2005-05-27 15:51:30","2005-06-03 16:52:30"
426,"2005-05-27 15:56:57","2005-06-05 11:45:57"
427,"2005-05-27 16:10:04","2005-06-05 13:22:04"
428,"2005-05-27 16:10:58","2005-05-31 17:24:58"
429,"2005-05-27 16:21:26","2005-06-05 20:23:26"
430,"2005-05-27 16:22:10","2005-06-05 13:10:10"
431,"2005-05-27 16:31:05","2005-06-05 11:29:05"
432,"2005-05-27 16:40:29","2005-05-29 16:20:29"
433,"2005-05-27 16:40:40","2005-05-30 19:55:40"
434,"2005-05-27 16:54:27","2005-06-04 22:26:27"
435,"2005-05-27 17:17:09","2005-06-02 11:20:09"
436,"2005-05-27 17:21:04","2005-05-30 21:26:04"
437,"2005-05-27 17:47:22","2005-06-05 14:22:22"
438,"2005-05-27 17:52:34","2005-06-05 22:23:34"
439,"2005-05-27 17:54:48","2005-06-02 23:01:48"
440,"2005-05-27 18:00:35","2005-05-29 16:15:35"
441,"2005-05-27 18:11:05","2005-05-30 22:45:05"
442,"2005-05-27 18:12:13","2005-05-30 12:30:13"
443,"2005-05-27 18:35:20","2005-06-04 18:58:20"
444,"2005-05-27 18:39:15","2005-06-01 15:56:15"
445,"2005-05-27 18:42:57","2005-05-30 22:35:57"
446,"2005-05-27 18:48:41","2005-06-03 16:42:41"
447,"2005-05-27 18:57:02","2005-06-05 18:38:02"
448,"2005-05-27 19:03:08","2005-06-03 20:28:08"
449,"2005-05-27 19:13:15","2005-06-04 01:08:15"
450,"2005-05-27 19:18:54","2005-06-05 23:52:54"
451,"2005-05-27 19:27:54","2005-05-29 01:07:54"
452,"2005-05-27 19:30:33","2005-05-30 20:53:33"
453,"2005-05-27 19:31:16","2005-05-29 23:06:16"
454,"2005-05-27 19:31:36","2005-05-30 15:46:36"
455,"2005-05-27 19:43:29","2005-06-04 23:40:29"
456,"2005-05-27 19:50:06","2005-06-02 22:14:06"
457,"2005-05-27 19:52:29","2005-06-02 17:17:29"
458,"2005-05-27 19:58:36","2005-06-06 00:51:36"
459,"2005-05-27 20:00:04","2005-05-29 22:47:04"
460,"2005-05-27 20:02:03","2005-05-28 16:14:03"
461,"2005-05-27 20:08:55","2005-06-01 14:32:55"
462,"2005-05-27 20:10:36","2005-06-03 21:12:36"
463,"2005-05-27 20:11:47","2005-06-04 21:18:47"
464,"2005-05-27 20:42:44","2005-05-30 00:49:44"
465,"2005-05-27 20:44:36","2005-06-02 02:43:36"
466,"2005-05-27 20:57:07","2005-05-29 15:52:07"
467,"2005-05-27 21:10:03","2005-06-01 16:08:03"
468,"2005-05-27 21:13:10","2005-06-04 15:26:10"
469,"2005-05-27 21:14:26","2005-06-05 21:51:26"
470,"2005-05-27 21:17:08","2005-06-04 17:47:08"
471,"2005-05-27 21:32:42","2005-05-31 00:39:42"
472,"2005-05-27 21:36:15","2005-05-29 21:07:15"
473,"2005-05-27 21:36:34","2005-06-05 17:02:34"
474,"2005-05-27 22:11:56","2005-05-31 19:07:56"
475,"2005-05-27 22:16:26","2005-05-28 19:58:26"
476,"2005-05-27 22:31:36","2005-06-03 19:12:36"
477,"2005-05-27 22:33:33","2005-06-02 18:35:33"
478,"2005-05-27 22:38:20","2005-05-31 18:39:20"
479,"2005-05-27 22:39:10","2005-06-05 22:46:10"
480,"2005-05-27 22:47:39","2005-06-04 21:17:39"
481,"2005-05-27 22:49:27","2005-05-30 17:46:27"
482,"2005-05-27 22:53:02","2005-06-01 22:53:02"
483,"2005-05-27 23:00:25","2005-05-28 21:30:25"
484,"2005-05-27 23:26:45","2005-05-29 21:16:45"
485,"2005-05-27 23:40:52","2005-05-28 22:40:52"
486,"2005-05-27 23:51:12","2005-05-28 20:26:12"
487,"2005-05-28 00:00:30","2005-05-28 19:18:30"
488,"2005-05-28 00:07:50","2005-06-03 22:30:50"
489,"2005-05-28 00:09:12","2005-05-31 04:44:12"
490,"2005-05-28 00:09:56","2005-05-30 22:32:56"
491,"2005-05-28 00:13:35","2005-05-29 00:11:35"
492,"2005-05-28 00:24:58","2005-05-28 22:34:58"
493,"2005-05-28 00:34:11","2005-05-30 18:40:11"
494,"2005-05-28 00:39:31","2005-06-02 19:35:31"
495,"2005-05-28 00:40:48","2005-05-29 06:07:48"
496,"2005-05-28 00:43:41","2005-06-04 03:56:41"
497,"2005-05-28 00:54:39","2005-06-03 20:47:39"
498,"2005-05-28 01:01:21","2005-05-30 21:20:21"
499,"2005-05-28 01:05:07","2005-06-05 19:54:07"
500,"2005-05-28 01:05:25","2005-05-31 20:04:25"
501,"2005-05-28 01:09:36","2005-05-30 06:14:36"
502,"2005-05-28 01:34:43","2005-05-31 01:02:43"
503,"2005-05-28 01:35:25","2005-05-28 22:12:25"
504,"2005-05-28 02:05:34","2005-05-30 23:03:34"
505,"2005-05-28 02:06:37","2005-05-29 06:57:37"
506,"2005-05-28 02:09:19","2005-06-05 20:34:19"
507,"2005-05-28 02:31:19","2005-06-02 05:07:19"
508,"2005-05-28 02:40:50","2005-06-05 03:05:50"
509,"2005-05-28 02:51:12","2005-05-31 06:27:12"
510,"2005-05-28 02:52:14","2005-05-30 21:20:14"
511,"2005-05-28 03:04:04","2005-06-03 04:58:04"
512,"2005-05-28 03:07:50","2005-06-05 02:12:50"
513,"2005-05-28 03:08:10","2005-05-29 07:22:10"
514,"2005-05-28 03:09:28","2005-06-05 00:49:28"
515,"2005-05-28 03:10:10","2005-06-04 02:18:10"
516,"2005-05-28 03:11:47","2005-06-04 02:19:47"
517,"2005-05-28 03:17:57","2005-05-29 06:33:57"
518,"2005-05-28 03:18:02","2005-05-30 05:32:02"
519,"2005-05-28 03:22:33","2005-06-03 05:06:33"
520,"2005-05-28 03:27:37","2005-06-04 05:47:37"
521,"2005-05-28 03:32:22","2005-05-28 22:37:22"
522,"2005-05-28 03:33:20","2005-05-31 04:23:20"
523,"2005-05-28 03:53:26","2005-05-31 05:58:26"
524,"2005-05-28 03:57:28","2005-05-31 05:20:28"
525,"2005-05-28 04:25:33","2005-06-06 04:18:33"
526,"2005-05-28 04:27:37","2005-05-30 07:52:37"
527,"2005-05-28 04:28:38","2005-06-02 08:19:38"
528,"2005-05-28 04:30:05","2005-06-03 10:01:05"
529,"2005-05-28 04:34:17","2005-05-30 00:35:17"
530,"2005-05-28 05:13:01","2005-06-01 10:21:01"
531,"2005-05-28 05:23:38","2005-05-29 08:00:38"
532,"2005-05-28 05:36:58","2005-06-02 01:50:58"
533,"2005-05-28 06:14:46","2005-06-01 06:26:46"
534,"2005-05-28 06:15:25","2005-06-06 07:51:25"
535,"2005-05-28 06:16:32","2005-05-31 02:48:32"
536,"2005-05-28 06:17:33","2005-06-03 10:02:33"
537,"2005-05-28 06:20:55","2005-06-05 11:48:55"
538,"2005-05-28 06:21:05","2005-06-02 01:22:05"
539,"2005-05-28 06:26:16","2005-05-30 02:02:16"
540,"2005-05-28 06:40:25","2005-06-06 00:47:25"
541,"2005-05-28 06:41:58","2005-06-02 09:12:58"
542,"2005-05-28 06:42:13","2005-06-03 09:05:13"
543,"2005-05-28 06:43:34","2005-06-06 07:16:34"
544,"2005-05-28 07:03:00","2005-06-06 06:23:00"
545,"2005-05-28 07:10:20","2005-06-04 01:47:20"
546,"2005-05-28 07:16:25","2005-06-01 08:36:25"
547,"2005-05-28 07:24:28","2005-06-06 01:31:28"
548,"2005-05-28 07:34:56","2005-06-05 03:14:56"
549,"2005-05-28 07:35:37","2005-06-02 09:08:37"
550,"2005-05-28 07:39:16","2005-06-06 12:20:16"
551,"2005-05-28 07:44:18","2005-06-02 12:55:18"
552,"2005-05-28 07:53:38","2005-06-04 12:45:38"
553,"2005-05-28 08:14:44","2005-06-02 03:01:44"
554,"2005-05-28 08:23:16","2005-05-31 03:29:16"
555,"2005-05-28 08:31:14","2005-05-30 07:34:14"
556,"2005-05-28 08:31:36","2005-06-06 07:29:36"
557,"2005-05-28 08:36:22","2005-06-03 10:42:22"
558,"2005-05-28 08:38:43","2005-06-06 13:52:43"
559,"2005-05-28 08:39:02","2005-06-05 08:38:02"
560,"2005-05-28 08:53:02","2005-06-04 12:27:02"
561,"2005-05-28 08:54:06","2005-06-05 05:54:06"
562,"2005-05-28 09:01:21","2005-06-02 05:26:21"
563,"2005-05-28 09:10:49","2005-06-06 11:32:49"
564,"2005-05-28 09:12:09","2005-05-29 05:07:09"
565,"2005-05-28 09:26:31","2005-06-01 07:28:31"
566,"2005-05-28 09:51:39","2005-06-05 09:35:39"
567,"2005-05-28 09:56:20","2005-06-01 06:41:20"
568,"2005-05-28 09:57:36","2005-05-31 15:44:36"
569,"2005-05-28 10:12:41","2005-06-03 10:08:41"
570,"2005-05-28 10:15:04","2005-05-30 08:32:04"
571,"2005-05-28 10:17:41","2005-06-05 07:56:41"
572,"2005-05-28 10:30:13","2005-06-02 05:04:13"
573,"2005-05-28 10:35:23","2005-06-03 06:32:23"
574,"2005-05-28 10:44:28","2005-06-04 11:42:28"
575,"2005-05-28 10:56:09","2005-06-05 15:39:09"
576,"2005-05-28 10:56:10","2005-06-04 13:15:10"
577,"2005-05-28 11:09:14","2005-06-01 13:27:14"
578,"2005-05-28 11:15:48","2005-06-02 09:59:48"
579,"2005-05-28 11:19:23","2005-06-02 13:51:23"
580,"2005-05-28 11:19:53","2005-06-01 10:44:53"
581,"2005-05-28 11:20:29","2005-06-04 12:37:29"
582,"2005-05-28 11:33:46","2005-05-29 08:33:46"
583,"2005-05-28 11:48:55","2005-06-04 07:09:55"
584,"2005-05-28 11:49:00","2005-06-01 11:54:00"
585,"2005-05-28 11:50:45","2005-06-03 15:35:45"
586,"2005-05-28 12:03:00","2005-05-29 13:16:00"
587,"2005-05-28 12:05:33","2005-05-30 13:45:33"
588,"2005-05-28 12:08:37","2005-05-29 16:25:37"
589,"2005-05-28 12:27:50","2005-06-03 07:15:50"
590,"2005-05-28 13:06:50","2005-06-02 09:18:50"
591,"2005-05-28 13:11:04","2005-05-29 17:20:04"
592,"2005-05-28 13:21:08","2005-05-29 16:55:08"
593,"2005-05-28 13:33:23","2005-05-30 17:10:23"
594,"2005-05-28 13:41:56","2005-05-30 12:00:56"
595,"2005-05-28 13:59:54","2005-06-05 15:16:54"
596,"2005-05-28 14:00:03","2005-05-29 17:10:03"
597,"2005-05-28 14:01:02","2005-06-06 19:06:02"
598,"2005-05-28 14:04:50","2005-06-03 18:00:50"
599,"2005-05-28 14:05:57","2005-06-01 16:41:57"
600,"2005-05-28 14:08:19","2005-06-03 11:57:19"
601,"2005-05-28 14:08:22","2005-06-04 10:50:22"
602,"2005-05-28 14:15:54","2005-06-05 15:16:54"
603,"2005-05-28 14:27:51","2005-05-29 13:13:51"
604,"2005-05-28 14:37:07","2005-06-03 11:03:07"
605,"2005-05-28 14:39:10","2005-06-01 09:28:10"
606,"2005-05-28 14:48:39","2005-06-04 09:44:39"
607,"2005-05-28 15:02:41","2005-05-30 12:54:41"
608,"2005-05-28 15:03:44","2005-06-04 17:14:44"
609,"2005-05-28 15:04:02","2005-06-05 14:47:02"
610,"2005-05-28 15:15:25","2005-06-02 12:30:25"
611,"2005-05-28 15:18:18","2005-05-31 20:15:18"
612,"2005-05-28 15:24:54","2005-05-30 14:22:54"
613,"2005-05-28 15:27:22","2005-06-02 20:01:22"
614,"2005-05-28 15:33:28","2005-06-04 12:27:28"
615,"2005-05-28 15:35:52","2005-06-03 17:35:52"
616,"2005-05-28 15:45:39","2005-06-02 09:55:39"
617,"2005-05-28 15:49:14","2005-05-31 14:29:14"
618,"2005-05-28 15:50:07","2005-06-01 19:45:07"
619,"2005-05-28 15:52:26","2005-06-06 17:55:26"
620,"2005-05-28 15:54:45","2005-06-04 20:26:45"
621,"2005-05-28 15:58:12","2005-05-30 21:54:12"
622,"2005-05-28 15:58:22","2005-06-04 10:13:22"
623,"2005-05-28 16:01:28","2005-05-30 11:19:28"
624,"2005-05-28 16:13:22","2005-06-06 20:35:22"
625,"2005-05-28 16:35:46","2005-06-01 14:19:46"
626,"2005-05-28 16:58:09","2005-06-01 14:02:09"
627,"2005-05-28 17:04:43","2005-06-04 19:58:43"
628,"2005-05-28 17:05:46","2005-06-06 16:29:46"
629,"2005-05-28 17:19:15","2005-06-02 20:01:15"
630,"2005-05-28 17:24:51","2005-06-05 20:05:51"
631,"2005-05-28 17:36:32","2005-06-03 14:56:32"
632,"2005-05-28 17:37:50","2005-06-03 16:04:50"
633,"2005-05-28 17:37:59","2005-06-03 22:49:59"
634,"2005-05-28 17:40:35","2005-06-05 16:18:35"
635,"2005-05-28 17:46:57","2005-06-06 18:24:57"
636,"2005-05-28 17:47:58","2005-06-04 16:32:58"
637,"2005-05-28 18:14:29","2005-05-29 23:48:29"
638,"2005-05-28 18:24:43","2005-06-02 19:03:43"
639,"2005-05-28 18:25:02","2005-05-29 18:22:02"
640,"2005-05-28 18:43:26","2005-05-30 13:39:26"
641,"2005-05-28 18:45:47","2005-06-04 15:24:47"
642,"2005-05-28 18:49:12","2005-06-01 20:50:12"
643,"2005-05-28 18:52:11","2005-05-31 15:15:11"
644,"2005-05-28 18:59:12","2005-06-04 18:06:12"
645,"2005-05-28 19:14:09","2005-06-05 14:01:09"
646,"2005-05-28 19:16:14","2005-05-31 16:50:14"
647,"2005-05-28 19:22:52","2005-06-01 00:10:52"
648,"2005-05-28 19:25:54","2005-06-03 15:57:54"
649,"2005-05-28 19:35:45","2005-06-05 16:00:45"
650,"2005-05-28 19:45:40","2005-05-29 21:02:40"
651,"2005-05-28 19:46:50","2005-05-30 16:29:50"
652,"2005-05-28 20:08:47","2005-05-29 14:57:47"
653,"2005-05-28 20:12:20","2005-06-04 14:44:20"
654,"2005-05-28 20:15:30","2005-05-30 22:02:30"
655,"2005-05-28 20:16:20","2005-05-31 16:46:20"
656,"2005-05-28 20:18:24","2005-05-30 16:19:24"
657,"2005-05-28 20:23:09","2005-06-01 02:11:09"
658,"2005-05-28 20:23:23","2005-06-06 19:31:23"
659,"2005-05-28 20:27:53","2005-05-31 01:36:53"
660,"2005-05-28 20:53:31","2005-05-30 15:26:31"
661,"2005-05-28 21:01:25","2005-06-02 01:22:25"
662,"2005-05-28 21:09:31","2005-06-01 19:00:31"
663,"2005-05-28 21:23:02","2005-06-02 17:39:02"
664,"2005-05-28 21:31:08","2005-06-02 20:56:08"
665,"2005-05-28 21:38:39","2005-05-29 21:37:39"
666,"2005-05-28 21:48:51","2005-06-05 16:45:51"
667,"2005-05-28 21:49:02","2005-05-31 03:07:02"
668,"2005-05-28 21:54:45","2005-05-29 22:32:45"
669,"2005-05-28 22:03:25","2005-06-03 03:39:25"
670,"2005-05-28 22:04:03","2005-06-06 22:43:03"
671,"2005-05-28 22:04:30","2005-06-03 01:21:30"
672,"2005-05-28 22:05:29","2005-06-06 02:10:29"
673,"2005-05-28 22:07:30","2005-06-01 23:42:30"
674,"2005-05-28 22:11:35","2005-06-01 23:58:35"
675,"2005-05-28 22:22:44","2005-06-01 02:57:44"
676,"2005-05-28 22:27:51","2005-05-29 20:36:51"
677,"2005-05-28 23:00:08","2005-06-05 19:11:08"
678,"2005-05-28 23:15:48","2005-06-03 04:43:48"
679,"2005-05-28 23:24:57","2005-06-06 21:59:57"
680,"2005-05-28 23:27:26","2005-06-02 02:28:26"
681,"2005-05-28 23:39:44","2005-06-01 01:42:44"
682,"2005-05-28 23:53:18","2005-05-29 19:14:18"
683,"2005-05-29 00:09:48","2005-06-02 04:27:48"
684,"2005-05-29 00:13:15","2005-06-04 21:26:15"
685,"2005-05-29 00:17:51","2005-06-05 05:32:51"
686,"2005-05-29 00:27:10","2005-05-30 02:29:10"
687,"2005-05-29 00:32:09","2005-05-31 23:53:09"
688,"2005-05-29 00:45:24","2005-06-02 01:30:24"
689,"2005-05-29 00:46:53","2005-06-03 23:48:53"
690,"2005-05-29 00:54:53","2005-06-06 00:45:53"
691,"2005-05-29 01:01:26","2005-06-07 06:21:26"
692,"2005-05-29 01:32:10","2005-06-02 03:54:10"
693,"2005-05-29 01:42:31","2005-06-03 02:29:31"
694,"2005-05-29 01:49:43","2005-06-05 06:52:43"
695,"2005-05-29 01:50:53","2005-06-03 02:28:53"
696,"2005-05-29 01:59:10","2005-06-01 02:45:10"
697,"2005-05-29 02:04:04","2005-06-04 00:47:04"
698,"2005-05-29 02:10:52","2005-06-01 21:52:52"
699,"2005-05-29 02:11:44","2005-06-04 20:23:44"
700,"2005-05-29 02:18:54","2005-05-30 05:54:54"
701,"2005-05-29 02:26:27","2005-06-03 04:59:27"
702,"2005-05-29 02:27:30","2005-05-30 01:52:30"
703,"2005-05-29 02:29:36","2005-06-03 04:54:36"
704,"2005-05-29 02:44:43","2005-06-06 01:51:43"
705,"2005-05-29 02:48:52","2005-05-30 06:21:52"
706,"2005-05-29 03:05:49","2005-06-04 22:48:49"
707,"2005-05-29 03:18:19","2005-05-30 02:45:19"
708,"2005-05-29 03:23:47","2005-05-31 21:27:47"
709,"2005-05-29 03:48:01","2005-06-06 05:21:01"
710,"2005-05-29 03:48:36","2005-06-03 05:03:36"
711,"2005-05-29 03:49:03","2005-05-31 08:29:03"
712,"2005-05-29 04:02:24","2005-05-30 03:09:24"
713,"2005-05-29 04:10:17","2005-06-07 07:13:17"
714,"2005-05-29 04:15:21","2005-06-01 23:05:21"
715,"2005-05-29 04:22:41","2005-06-05 09:28:41"
716,"2005-05-29 04:35:29","2005-06-01 07:42:29"
717,"2005-05-29 04:37:44","2005-05-30 05:48:44"
718,"2005-05-29 04:52:23","2005-06-02 02:27:23"
719,"2005-05-29 05:16:05","2005-06-01 07:53:05"
720,"2005-05-29 05:17:30","2005-06-06 02:47:30"
721,"2005-05-29 05:28:47","2005-05-31 11:24:47"
722,"2005-05-29 05:30:31","2005-06-06 04:51:31"
723,"2005-05-29 05:34:44","2005-05-30 05:50:44"
724,"2005-05-29 05:53:23","2005-06-05 04:01:23"
725,"2005-05-29 06:03:41","2005-06-03 08:52:41"
726,"2005-05-29 06:05:29","2005-06-05 04:40:29"
727,"2005-05-29 06:08:15","2005-05-30 07:16:15"
728,"2005-05-29 06:12:38","2005-06-03 07:41:38"
729,"2005-05-29 06:35:13","2005-06-04 03:23:13"
730,"2005-05-29 07:00:59","2005-06-06 01:17:59"
731,"2005-05-29 07:25:16","2005-05-30 05:21:16"
732,"2005-05-29 07:32:51","2005-05-30 10:08:51"
733,"2005-05-29 07:35:21","2005-06-05 09:14:21"
734,"2005-05-29 07:38:52","2005-06-03 10:17:52"
735,"2005-05-29 08:08:13","2005-06-07 13:35:13"
736,"2005-05-29 08:10:07","2005-06-05 10:21:07"
737,"2005-05-29 08:11:31","2005-06-04 11:18:31"
738,"2005-05-29 08:20:08","2005-06-06 08:59:08"
739,"2005-05-29 08:28:18","2005-06-06 09:21:18"
740,"2005-05-29 08:30:36","2005-06-04 12:47:36"
741,"2005-05-29 08:35:49","2005-06-04 11:55:49"
742,"2005-05-29 08:36:30","2005-06-05 11:30:30"
743,"2005-05-29 08:39:02","2005-06-06 08:42:02"
744,"2005-05-29 09:13:08","2005-06-01 07:05:08"
745,"2005-05-29 09:22:57","2005-06-01 09:10:57"
746,"2005-05-29 09:25:10","2005-06-02 04:20:10"
747,"2005-05-29 09:26:34","2005-06-05 07:28:34"
748,"2005-05-29 09:27:00","2005-06-03 04:25:00"
749,"2005-05-29 09:33:33","2005-05-31 11:45:33"
750,"2005-05-29 09:41:40","2005-05-30 13:31:40"
751,"2005-05-29 09:55:43","2005-06-02 04:54:43"
752,"2005-05-29 10:14:15","2005-06-04 06:30:15"
753,"2005-05-29 10:16:42","2005-06-05 08:52:42"
754,"2005-05-29 10:18:59","2005-06-04 05:03:59"
755,"2005-05-29 10:26:29","2005-06-01 10:25:29"
756,"2005-05-29 10:28:45","2005-06-04 12:50:45"
757,"2005-05-29 10:29:47","2005-06-07 15:27:47"
758,"2005-05-29 10:31:56","2005-06-01 14:53:56"
759,"2005-05-29 10:57:57","2005-06-07 16:23:57"
760,"2005-05-29 11:07:25","2005-06-02 14:16:25"
761,"2005-05-29 11:09:01","2005-06-03 16:18:01"
762,"2005-05-29 11:15:51","2005-06-06 07:48:51"
763,"2005-05-29 11:32:15","2005-05-31 17:31:15"
764,"2005-05-29 11:37:35","2005-05-31 16:47:35"
765,"2005-05-29 11:38:34","2005-06-02 17:04:34"
766,"2005-05-29 11:47:02","2005-06-06 07:14:02"
767,"2005-05-29 12:20:19","2005-06-02 14:15:19"
768,"2005-05-29 12:30:46","2005-06-07 09:00:46"
769,"2005-05-29 12:51:44","2005-06-01 17:43:44"
770,"2005-05-29 12:56:50","2005-06-07 15:54:50"
771,"2005-05-29 12:59:14","2005-06-01 16:05:14"
772,"2005-05-29 13:08:06","2005-06-06 08:19:06"
773,"2005-05-29 13:18:05","2005-06-07 17:22:05"
774,"2005-05-29 13:19:43","2005-06-01 18:51:43"
775,"2005-05-29 13:23:26","2005-05-30 07:53:26"
776,"2005-05-29 13:35:35","2005-06-03 17:33:35"
777,"2005-05-29 14:07:58","2005-06-03 08:41:58"
778,"2005-05-29 14:09:53","2005-06-05 20:05:53"
779,"2005-05-29 14:17:17","2005-06-06 16:46:17"
780,"2005-05-29 14:18:32","2005-06-06 20:14:32"
781,"2005-05-29 14:23:58","2005-05-30 17:44:58"
782,"2005-05-29 14:38:57","2005-06-02 13:18:57"
783,"2005-05-29 14:41:18","2005-06-06 10:39:18"
784,"2005-05-29 14:44:22","2005-06-01 17:28:22"
785,"2005-05-29 15:08:41","2005-05-30 15:51:41"
786,"2005-05-29 15:17:28","2005-06-07 10:07:28"
787,"2005-05-29 16:03:03","2005-06-07 11:07:03"
788,"2005-05-29 16:13:55","2005-05-31 16:40:55"
789,"2005-05-29 16:17:07","2005-06-06 18:15:07"
790,"2005-05-29 16:19:29","2005-06-02 17:22:29"
791,"2005-05-29 16:30:42","2005-06-01 19:11:42"
792,"2005-05-29 16:32:10","2005-05-31 18:01:10"
793,"2005-05-29 16:44:08","2005-06-06 19:21:08"
794,"2005-05-29 16:44:11","2005-06-05 16:11:11"
795,"2005-05-29 16:57:39","2005-06-01 11:33:39"
796,"2005-05-29 16:59:44","2005-06-03 16:22:44"
797,"2005-05-29 17:12:17","2005-06-03 16:06:17"
798,"2005-05-29 17:23:43","2005-06-01 13:06:43"
799,"2005-05-29 17:24:48","2005-06-05 12:25:48"
800,"2005-05-29 17:28:12","2005-05-30 14:59:12"
801,"2005-05-29 17:35:50","2005-06-04 17:05:50"
802,"2005-05-29 17:38:59","2005-05-31 22:42:59"
803,"2005-05-29 17:52:30","2005-05-30 14:35:30"
804,"2005-05-29 18:10:24","2005-06-06 22:53:24"
805,"2005-05-29 18:18:18","2005-06-07 15:11:18"
806,"2005-05-29 18:31:30","2005-05-31 00:18:30"
807,"2005-05-29 18:50:50","2005-06-03 18:36:50"
808,"2005-05-29 19:08:20","2005-06-06 20:32:20"
809,"2005-05-29 19:10:20","2005-06-05 19:05:20"
810,"2005-05-29 19:12:04","2005-06-04 21:12:04"
811,"2005-05-29 19:30:42","2005-06-02 16:19:42"
812,"2005-05-29 20:00:30","2005-05-30 19:43:30"
813,"2005-05-29 20:14:34","2005-06-05 20:56:34"
814,"2005-05-29 20:16:12","2005-06-07 17:47:12"
815,"2005-05-29 20:24:28","2005-06-03 15:32:28"
816,"2005-05-29 20:26:39","2005-06-06 22:31:39"
817,"2005-05-29 20:39:14","2005-05-31 18:24:14"
818,"2005-05-29 20:47:53","2005-06-02 23:18:53"
819,"2005-05-29 21:00:32","2005-06-02 15:15:32"
820,"2005-05-29 21:07:22","2005-06-07 00:22:22"
821,"2005-05-29 21:31:12","2005-06-04 22:49:12"
822,"2005-05-29 21:36:00","2005-06-07 17:24:00"
823,"2005-05-29 21:39:37","2005-05-30 22:06:37"
824,"2005-05-29 21:45:32","2005-05-31 19:01:32"
825,"2005-05-29 21:49:41","2005-06-04 20:27:41"
826,"2005-05-29 21:56:15","2005-06-08 03:18:15"
827,"2005-05-29 21:58:43","2005-06-06 00:54:43"
828,"2005-05-29 22:14:55","2005-05-30 17:22:55"
829,"2005-05-29 22:16:42","2005-06-06 01:38:42"
830,"2005-05-29 22:43:55","2005-06-01 17:43:55"
831,"2005-05-29 22:50:25","2005-06-06 02:27:25"
832,"2005-05-29 22:51:20","2005-06-07 17:37:20"
833,"2005-05-29 23:21:56","2005-06-02 18:40:56"
834,"2005-05-29 23:24:30","2005-05-30 22:00:30"
835,"2005-05-29 23:37:00","2005-06-02 23:38:00"
836,"2005-05-29 23:56:42","2005-05-31 04:11:42"
837,"2005-05-30 00:02:08","2005-06-02 05:31:08"
838,"2005-05-30 00:27:57","2005-06-06 22:19:57"
839,"2005-05-30 00:28:12","2005-06-08 02:43:12"
840,"2005-05-30 00:28:41","2005-05-31 20:39:41"
841,"2005-05-30 00:31:17","2005-06-02 19:14:17"
842,"2005-05-30 00:32:04","2005-06-01 02:21:04"
843,"2005-05-30 00:44:24","2005-05-31 00:58:24"
844,"2005-05-30 00:58:20","2005-06-01 00:38:20"
845,"2005-05-30 01:17:25","2005-06-07 02:00:25"
846,"2005-05-30 01:17:45","2005-06-01 00:56:45"
847,"2005-05-30 01:18:15","2005-06-06 20:20:15"
848,"2005-05-30 01:19:53","2005-06-05 23:40:53"
849,"2005-05-30 01:23:07","2005-06-07 01:50:07"
850,"2005-05-30 01:35:12","2005-05-31 01:51:12"
851,"2005-05-30 01:35:15","2005-06-06 07:27:15"
852,"2005-05-30 01:36:57","2005-06-01 22:44:57"
853,"2005-05-30 01:43:31","2005-06-01 02:05:31"
854,"2005-05-30 01:56:11","2005-06-01 06:34:11"
855,"2005-05-30 02:00:28","2005-06-03 20:16:28"
856,"2005-05-30 02:01:21","2005-06-07 03:25:21"
857,"2005-05-30 02:01:23","2005-06-02 06:07:23"
858,"2005-05-30 02:10:32","2005-06-01 04:42:32"
859,"2005-05-30 02:36:20","2005-06-02 07:49:20"
860,"2005-05-30 02:45:16","2005-06-08 07:28:16"
861,"2005-05-30 02:48:32","2005-06-06 05:43:32"
862,"2005-05-30 03:09:11","2005-06-03 21:27:11"
863,"2005-05-30 03:14:59","2005-06-05 04:34:59"
864,"2005-05-30 03:27:17","2005-06-06 08:28:17"
865,"2005-05-30 03:39:44","2005-06-07 08:10:44"
866,"2005-05-30 03:43:54","2005-06-08 04:28:54"
867,"2005-05-30 03:54:43","2005-06-01 22:59:43"
868,"2005-05-30 04:19:55","2005-05-31 02:28:55"
869,"2005-05-30 04:22:06","2005-06-03 09:18:06"
870,"2005-05-30 04:25:47","2005-06-06 04:32:47"
871,"2005-05-30 05:01:30","2005-06-04 06:22:30"
872,"2005-05-30 05:03:04","2005-06-06 10:35:04"
873,"2005-05-30 05:15:20","2005-06-07 00:49:20"
874,"2005-05-30 05:36:21","2005-06-01 09:32:21"
875,"2005-05-30 05:38:24","2005-06-06 00:34:24"
876,"2005-05-30 05:41:22","2005-06-07 09:06:22"
877,"2005-05-30 05:48:59","2005-06-02 09:30:59"
878,"2005-05-30 05:49:13","2005-06-07 04:35:13"
879,"2005-05-30 05:49:42","2005-06-05 01:45:42"
880,"2005-05-30 06:12:33","2005-06-02 04:35:33"
881,"2005-05-30 06:15:36","2005-06-02 10:21:36"
882,"2005-05-30 06:16:06","2005-06-02 11:57:06"
883,"2005-05-30 06:21:05","2005-06-07 04:50:05"
884,"2005-05-30 06:41:32","2005-05-31 07:39:32"
885,"2005-05-30 06:54:28","2005-06-03 07:03:28"
886,"2005-05-30 06:54:51","2005-06-01 06:04:51"
887,"2005-05-30 07:10:00","2005-06-01 06:48:00"
888,"2005-05-30 07:13:14","2005-06-06 09:50:14"
889,"2005-05-30 07:14:53","2005-05-31 07:56:53"
890,"2005-05-30 07:43:04","2005-06-01 11:26:04"
891,"2005-05-30 07:43:12","2005-06-08 09:21:12"
892,"2005-05-30 08:02:56","2005-06-05 12:51:56"
893,"2005-05-30 08:06:59","2005-06-07 08:23:59"
894,"2005-05-30 08:31:31","2005-06-07 12:39:31"
895,"2005-05-30 08:50:43","2005-06-05 10:58:43"
896,"2005-05-30 09:03:52","2005-06-05 07:37:52"
897,"2005-05-30 09:10:01","2005-06-08 03:43:01"
898,"2005-05-30 09:26:19","2005-06-01 10:45:19"
899,"2005-05-30 09:29:30","2005-06-06 12:39:30"
900,"2005-05-30 09:38:41","2005-06-07 11:54:41"
901,"2005-05-30 09:40:40","2005-06-02 10:32:40"
902,"2005-05-30 09:53:36","2005-06-07 12:10:36"
903,"2005-05-30 10:11:29","2005-06-03 09:33:29"
904,"2005-05-30 10:19:42","2005-06-05 04:58:42"
905,"2005-05-30 10:25:00","2005-06-06 06:23:00"
906,"2005-05-30 10:30:38","2005-06-07 06:44:38"
907,"2005-05-30 10:37:27","2005-06-02 09:51:27"
908,"2005-05-30 10:38:37","2005-06-03 09:56:37"
909,"2005-05-30 10:43:38","2005-06-08 12:07:38"
910,"2005-05-30 10:46:16","2005-06-04 13:32:16"
911,"2005-05-30 10:50:22","2005-06-07 12:26:22"
912,"2005-05-30 10:58:33","2005-05-31 09:31:33"
913,"2005-05-30 11:04:58","2005-06-07 13:22:58"
914,"2005-05-30 11:06:00","2005-06-04 06:07:00"
915,"2005-05-30 11:20:27","2005-06-02 11:55:27"
916,"2005-05-30 11:25:01","2005-05-31 09:06:01"
917,"2005-05-30 11:27:06","2005-06-02 08:31:06"
918,"2005-05-30 11:32:24","2005-05-31 07:55:24"
919,"2005-05-30 11:35:06","2005-06-02 13:16:06"
920,"2005-05-30 11:44:01","2005-06-02 08:19:01"
921,"2005-05-30 11:53:09","2005-06-03 10:00:09"
922,"2005-05-30 11:55:55","2005-06-08 10:12:55"
923,"2005-05-30 11:58:50","2005-06-05 09:57:50"
924,"2005-05-30 12:10:59","2005-06-04 17:28:59"
925,"2005-05-30 12:13:52","2005-06-02 14:41:52"
926,"2005-05-30 12:15:54","2005-06-01 08:53:54"
927,"2005-05-30 12:16:40","2005-05-31 16:20:40"
928,"2005-05-30 12:27:14","2005-06-05 13:56:14"
929,"2005-05-30 12:32:39","2005-06-06 12:17:39"
930,"2005-05-30 12:44:57","2005-06-04 10:53:57"
931,"2005-05-30 12:53:01","2005-05-31 14:28:01"
932,"2005-05-30 12:55:36","2005-05-31 10:30:36"
933,"2005-05-30 13:08:45","2005-06-01 18:56:45"
934,"2005-05-30 13:24:46","2005-06-08 16:44:46"
935,"2005-05-30 13:29:36","2005-06-02 11:08:36"
936,"2005-05-30 13:52:49","2005-06-07 16:56:49"
937,"2005-05-30 14:47:31","2005-06-05 09:53:31"
938,"2005-05-30 14:47:31","2005-06-04 10:10:31"
939,"2005-05-30 14:49:34","2005-06-01 19:00:34"
940,"2005-05-30 15:01:02","2005-06-01 18:26:02"
941,"2005-05-30 15:02:25","2005-06-01 17:19:25"
942,"2005-05-30 15:05:47","2005-06-08 15:59:47"
943,"2005-05-30 15:20:19","2005-06-06 18:53:19"
944,"2005-05-30 15:26:24","2005-06-07 18:09:24"
945,"2005-05-30 15:33:17","2005-06-02 15:02:17"
946,"2005-05-30 15:35:08","2005-06-08 11:38:08"
947,"2005-05-30 15:36:57","2005-06-04 18:48:57"
948,"2005-05-30 15:44:27","2005-06-08 17:30:27"
949,"2005-05-30 15:50:39","2005-06-03 14:25:39"
950,"2005-05-30 16:06:08","2005-06-01 11:43:08"
951,"2005-05-30 16:10:35","2005-05-31 19:01:35"
952,"2005-05-30 16:28:07","2005-06-02 16:12:07"
953,"2005-05-30 16:34:02","2005-05-31 20:34:02"
954,"2005-05-30 16:57:29","2005-06-08 13:30:29"
955,"2005-05-30 16:59:03","2005-05-31 11:58:03"
956,"2005-05-30 17:30:28","2005-06-07 13:54:28"
957,"2005-05-30 17:53:29","2005-06-03 15:31:29"
958,"2005-05-30 17:58:03","2005-06-01 19:17:03"
959,"2005-05-30 18:07:00","2005-06-02 14:37:00"
960,"2005-05-30 18:13:23","2005-06-04 00:12:23"
961,"2005-05-30 18:16:44","2005-06-04 23:40:44"
962,"2005-05-30 18:45:17","2005-06-05 22:47:17"
963,"2005-05-30 18:52:53","2005-06-07 16:19:53"
964,"2005-05-30 18:53:21","2005-06-04 22:32:21"
965,"2005-05-30 19:00:14","2005-05-31 17:10:14"
966,"2005-05-30 19:00:37","2005-05-31 23:51:37"
967,"2005-05-30 19:12:06","2005-06-09 00:02:06"
968,"2005-05-30 19:20:03","2005-05-31 18:17:03"
969,"2005-05-30 19:23:48","2005-05-31 21:14:48"
970,"2005-05-30 19:50:28","2005-06-09 01:19:28"
971,"2005-05-30 20:10:52","2005-06-06 20:47:52"
972,"2005-05-30 20:21:07","2005-06-06 00:36:07"
973,"2005-05-30 20:27:45","2005-06-08 22:47:45"
974,"2005-05-30 20:28:42","2005-06-08 23:45:42"
975,"2005-05-30 21:07:15","2005-06-03 01:48:15"
976,"2005-05-30 21:11:19","2005-06-06 02:16:19"
977,"2005-05-30 21:22:26","2005-06-04 22:32:26"
978,"2005-05-30 21:30:52","2005-06-07 16:22:52"
979,"2005-05-30 21:37:11","2005-06-08 00:24:11"
980,"2005-05-30 21:45:19","2005-06-01 20:32:19"
981,"2005-05-30 21:52:42","2005-06-01 03:15:42"
982,"2005-05-30 22:15:24","2005-06-02 16:18:24"
983,"2005-05-30 22:15:51","2005-06-02 22:56:51"
984,"2005-05-30 22:17:17","2005-06-01 20:15:17"
985,"2005-05-30 22:18:35","2005-06-04 23:36:35"
986,"2005-05-30 22:22:52","2005-06-01 02:24:52"
987,"2005-05-30 22:59:12","2005-06-07 20:56:12"
988,"2005-05-30 23:08:03","2005-06-07 00:22:03"
989,"2005-05-30 23:11:51","2005-06-03 20:36:51"
990,"2005-05-30 23:25:14","2005-06-06 18:41:14"
991,"2005-05-30 23:29:22","2005-06-07 23:16:22"
992,"2005-05-30 23:47:56","2005-06-05 19:01:56"
993,"2005-05-30 23:54:19","2005-06-04 21:27:19"
994,"2005-05-30 23:55:36","2005-06-04 01:00:36"
995,"2005-05-31 00:06:02","2005-06-06 02:30:02"
996,"2005-05-31 00:06:20","2005-05-31 21:29:20"
997,"2005-05-31 00:08:25","2005-06-02 00:17:25"
998,"2005-05-31 00:16:57","2005-06-01 22:41:57"
999,"2005-05-31 00:25:10","2005-06-03 06:05:10"
1000,"2005-05-31 00:25:56","2005-06-08 19:42:56"
1001,"2005-05-31 00:46:31","2005-06-06 06:14:31"
